"STATION","NAME","LATITUDE","LONGITUDE","ELEVATION","DATE","AWND","PGTM","PRCP","SNOW","SNWD","TAVG","TMAX","TMIN","WDF2","WDF5","WSF2","WSF5"
"USW00094728","NY CITY CENTRAL PARK, NY US","40.77898","-73.96925","42.7","2017-01-01","5.59",,"0.00","0.0","0.0",,"48","40","  260","  310","15.0","23.0"
"USW00094728","NY CITY CENTRAL PARK, NY US","40.77898","-73.96925","42.7","2017-01-02","9.17",,"0.21","0.0","0.0",,"41","37","   70","   70","17.0","25.1"
"USW00094728","NY CITY CENTRAL PARK, NY US","40.77898","-73.96925","42.7","2017-01-03","10.74",,"0.58","0.0","0.0",,"43","39","   70","   60","21.0","30.0"
"USW00094728","NY CITY CENTRAL PARK, NY US","40.77898","-73.96925","42.7","2017-01-04","8.05",,"0.00","0.0","0.0",,"52","34","  280","  290","23.9","36.0"
"USW00094728","NY CITY CENTRAL PARK, NY US","40.77898","-73.96925","42.7","2017-01-05","7.83",,"0.00","0.0","0.0",,"34","27","  250","  290","17.0","27.1"
"USW00094728","NY CITY CENTRAL PARK, NY US","40.77898","-73.96925","42.7","2017-01-06","4.70",,"0.05","1.2","1.2",,"33","25","  360","   20","10.1","16.1"
"USW00094728","NY CITY CENTRAL PARK, NY US","40.77898","-73.96925","42.7","2017-01-07","7.61",,"0.32","5.1","0.0",,"26","20","  350","  330","17.0","25.1"
"USW00094728","NY CITY CENTRAL PARK, NY US","40.77898","-73.96925","42.7","2017-01-08","8.72",,"0.00","0.0","3.9",,"25","16","  290","  280","18.1","30.0"
"USW00094728","NY CITY CENTRAL PARK, NY US","40.77898","-73.96925","42.7","2017-01-09","5.14",,"0.00","0.0","3.1",,"23","14","  250","  250","13.0","21.9"
"USW00094728","NY CITY CENTRAL PARK, NY US","40.77898","-73.96925","42.7","2017-01-10","4.70",,"0.00","0.0","3.1",,"46","21","  180","  170","14.1","23.9"
"USW00094728","NY CITY CENTRAL PARK, NY US","40.77898","-73.96925","42.7","2017-01-11","5.82",,"0.52","0.0","0.0",,"52","42","  250","  240","16.1","33.1"
"USW00094728","NY CITY CENTRAL PARK, NY US","40.77898","-73.96925","42.7","2017-01-12","7.61",,"0.05","0.0","0.0",,"66","47","  250","  250","16.1","23.9"
"USW00094728","NY CITY CENTRAL PARK, NY US","40.77898","-73.96925","42.7","2017-01-13","7.16",,"0.00","0.0","0.0",,"62","32","  300","  300","17.0","28.0"
"USW00094728","NY CITY CENTRAL PARK, NY US","40.77898","-73.96925","42.7","2017-01-14","4.25",,"0.12","0.6","0.0",,"34","28","  280","   60","8.9","12.1"
"USW00094728","NY CITY CENTRAL PARK, NY US","40.77898","-73.96925","42.7","2017-01-15","4.25",,"0.00","0.0","1.2",,"38","30","  310","  300","10.1","15.0"
"USW00094728","NY CITY CENTRAL PARK, NY US","40.77898","-73.96925","42.7","2017-01-16","4.70",,"0.00","0.0","0.0",,"43","30","  250","  250","13.0","19.0"
"USW00094728","NY CITY CENTRAL PARK, NY US","40.77898","-73.96925","42.7","2017-01-17","4.92",,"0.35","0.0","0.0",,"42","38","   70","   70","15.0","19.9"
"USW00094728","NY CITY CENTRAL PARK, NY US","40.77898","-73.96925","42.7","2017-01-18","5.82",,"0.06","0.0","0.0",,"41","38","   60","   60","14.1","19.0"
"USW00094728","NY CITY CENTRAL PARK, NY US","40.77898","-73.96925","42.7","2017-01-19","3.58",,"0.00","0.0","0.0",,"49","39","  320","  310","12.1","19.0"
"USW00094728","NY CITY CENTRAL PARK, NY US","40.77898","-73.96925","42.7","2017-01-20","4.03",,"0.10","0.0","0.0",,"45","40","   60","  110","10.1","14.1"
"USW00094728","NY CITY CENTRAL PARK, NY US","40.77898","-73.96925","42.7","2017-01-21","3.80",,"0.00","0.0","0.0",,"49","41","  270","  270","12.1","18.1"
"USW00094728","NY CITY CENTRAL PARK, NY US","40.77898","-73.96925","42.7","2017-01-22","6.71",,"0.05","0.0","0.0",,"48","43","   60","   50","21.0","33.1"
"USW00094728","NY CITY CENTRAL PARK, NY US","40.77898","-73.96925","42.7","2017-01-23","18.34",,"1.16","0.0","0.0",,"44","36","   70","   40","33.1","47.0"
"USW00094728","NY CITY CENTRAL PARK, NY US","40.77898","-73.96925","42.7","2017-01-24","10.07",,"1.18","0.0","0.0",,"38","35","   50","   50","23.9","36.0"
"USW00094728","NY CITY CENTRAL PARK, NY US","40.77898","-73.96925","42.7","2017-01-25","6.71",,"0.00","0.0","0.0",,"51","36","  310","  280","18.1","25.9"
"USW00094728","NY CITY CENTRAL PARK, NY US","40.77898","-73.96925","42.7","2017-01-26","6.71",,"0.02","0.0","0.0",,"56","43","  290","  270","21.0","38.0"
"USW00094728","NY CITY CENTRAL PARK, NY US","40.77898","-73.96925","42.7","2017-01-27","8.95",,"0.00","0.0","0.0",,"43","36","  290","  260","18.1","33.1"
"USW00094728","NY CITY CENTRAL PARK, NY US","40.77898","-73.96925","42.7","2017-01-28","7.83",,"0.00","0.0","0.0",,"39","34","  270","  260","16.1","27.1"
"USW00094728","NY CITY CENTRAL PARK, NY US","40.77898","-73.96925","42.7","2017-01-29","5.82",,"0.00","0.0","0.0",,"43","35","  260","  260","15.0","23.9"
"USW00094728","NY CITY CENTRAL PARK, NY US","40.77898","-73.96925","42.7","2017-01-30","6.26",,"0.00","0.0","0.0",,"37","30","  310","  330","15.0","21.9"
"USW00094728","NY CITY CENTRAL PARK, NY US","40.77898","-73.96925","42.7","2017-01-31","4.03",,"0.06","1.0","0.0",,"34","26","   80","   80","12.1","15.0"
"USW00094728","NY CITY CENTRAL PARK, NY US","40.77898","-73.96925","42.7","2017-02-01","5.82",,"0.00","0.0","0.0",,"47","33","  260","  250","16.1","25.9"
"USW00094728","NY CITY CENTRAL PARK, NY US","40.77898","-73.96925","42.7","2017-02-02","5.37",,"0.00","0.0","0.0",,"45","32","  280","  300","16.1","28.0"
"USW00094728","NY CITY CENTRAL PARK, NY US","40.77898","-73.96925","42.7","2017-02-03","6.71",,"0.00","0.0","0.0",,"33","26","  310","  310","17.0","29.1"
"USW00094728","NY CITY CENTRAL PARK, NY US","40.77898","-73.96925","42.7","2017-02-04","8.50",,"0.00","0.0","0.0",,"34","22","  310","  310","16.1","25.9"
"USW00094728","NY CITY CENTRAL PARK, NY US","40.77898","-73.96925","42.7","2017-02-05","7.16",,"0.00","0.0","0.0",,"43","31","  230","  240","16.1","28.0"
"USW00094728","NY CITY CENTRAL PARK, NY US","40.77898","-73.96925","42.7","2017-02-06","5.14",,"0.00","0.0","0.0",,"49","36","  170","  270","13.0","19.9"
"USW00094728","NY CITY CENTRAL PARK, NY US","40.77898","-73.96925","42.7","2017-02-07","6.71",,"0.27","0.0","0.0",,"42","36","   60","   70","15.0","21.0"
"USW00094728","NY CITY CENTRAL PARK, NY US","40.77898","-73.96925","42.7","2017-02-08","4.70",,"0.03","0.0","0.0",,"62","38","  360","   30","13.0","17.0"
"USW00094728","NY CITY CENTRAL PARK, NY US","40.77898","-73.96925","42.7","2017-02-09","12.30",,"1.16","9.4","2.0",,"44","19","  310","  320","23.0","36.9"
"USW00094728","NY CITY CENTRAL PARK, NY US","40.77898","-73.96925","42.7","2017-02-10","8.50",,"0.00","0.0","7.9",,"32","19","  280","  260","16.1","31.1"
"USW00094728","NY CITY CENTRAL PARK, NY US","40.77898","-73.96925","42.7","2017-02-11","4.03",,"0.00","0.0","5.1",,"48","30","  240","  240","13.0","19.9"
"USW00094728","NY CITY CENTRAL PARK, NY US","40.77898","-73.96925","42.7","2017-02-12","7.16",,"0.46","0.0","2.0",,"40","30","   70","   60","17.0","23.0"
"USW00094728","NY CITY CENTRAL PARK, NY US","40.77898","-73.96925","42.7","2017-02-13","12.30",,"0.02","0.0","2.0",,"39","31","  310","  310","28.0","48.1"
"USW00094728","NY CITY CENTRAL PARK, NY US","40.77898","-73.96925","42.7","2017-02-14","5.37",,"0.00","0.0","2.0",,"41","28","  250","  310","13.0","19.9"
"USW00094728","NY CITY CENTRAL PARK, NY US","40.77898","-73.96925","42.7","2017-02-15","6.49",,"0.00","0.0","0.0",,"47","35","  280","  280","18.1","29.1"
"USW00094728","NY CITY CENTRAL PARK, NY US","40.77898","-73.96925","42.7","2017-02-16","10.51",,"0.00","0.0","0.0",,"35","28","  310","  310","17.0","29.1"
"USW00094728","NY CITY CENTRAL PARK, NY US","40.77898","-73.96925","42.7","2017-02-17","8.50",,"0.00","0.0","0.0",,"41","26","  290","  290","16.1","28.0"
"USW00094728","NY CITY CENTRAL PARK, NY US","40.77898","-73.96925","42.7","2017-02-18","5.82",,"0.00","0.0","0.0",,"63","35","  250","  240","16.1","28.0"
"USW00094728","NY CITY CENTRAL PARK, NY US","40.77898","-73.96925","42.7","2017-02-19","5.59",,"0.00","0.0","0.0",,"65","53","  270","  330","14.1","21.9"
"USW00094728","NY CITY CENTRAL PARK, NY US","40.77898","-73.96925","42.7","2017-02-20","7.38",,"0.00","0.0","0.0",,"55","39","   60","   40","18.1","25.1"
"USW00094728","NY CITY CENTRAL PARK, NY US","40.77898","-73.96925","42.7","2017-02-21","5.82",,"0.00","0.0","0.0",,"47","34","  170","  240","14.1","21.9"
"USW00094728","NY CITY CENTRAL PARK, NY US","40.77898","-73.96925","42.7","2017-02-22","2.91",,"0.00","0.0","0.0",,"57","42","  240","  210","12.1","17.0"
"USW00094728","NY CITY CENTRAL PARK, NY US","40.77898","-73.96925","42.7","2017-02-23","3.58",,"0.00","0.0","0.0",,"65","44","  240","  240","13.0","19.9"
"USW00094728","NY CITY CENTRAL PARK, NY US","40.77898","-73.96925","42.7","2017-02-24","6.04",,"0.00","0.0","0.0",,"70","58","  150","  170","14.1","21.0"
"USW00094728","NY CITY CENTRAL PARK, NY US","40.77898","-73.96925","42.7","2017-02-25","6.71",,"0.54","0.0","0.0",,"63","44","  190","  200","19.9","28.0"
"USW00094728","NY CITY CENTRAL PARK, NY US","40.77898","-73.96925","42.7","2017-02-26","8.95",,"0.00","0.0","0.0",,"44","36","  310","  300","18.1","29.1"
"USW00094728","NY CITY CENTRAL PARK, NY US","40.77898","-73.96925","42.7","2017-02-27","5.59",,"0.00","0.0","0.0",,"54","35","  250","  250","16.1","25.9"
"USW00094728","NY CITY CENTRAL PARK, NY US","40.77898","-73.96925","42.7","2017-02-28","4.03",,"0.00","0.0","0.0",,"59","47","  160","  160","10.1","19.0"
"USW00094728","NY CITY CENTRAL PARK, NY US","40.77898","-73.96925","42.7","2017-03-01","6.04",,"0.12","0.0","0.0",,"70","54","  250","  260","16.1","31.1"
"USW00094728","NY CITY CENTRAL PARK, NY US","40.77898","-73.96925","42.7","2017-03-02","11.41",,"0.00","0.0","0.0",,"64","35","  270","  290","25.9","47.0"
"USW00094728","NY CITY CENTRAL PARK, NY US","40.77898","-73.96925","42.7","2017-03-03","8.28",,"0.00","0.0","0.0",,"39","24","  310","  300","18.1","35.1"
"USW00094728","NY CITY CENTRAL PARK, NY US","40.77898","-73.96925","42.7","2017-03-04","8.95",,"0.00","0.0","0.0",,"30","17","  310","  260","19.9","34.0"
"USW00094728","NY CITY CENTRAL PARK, NY US","40.77898","-73.96925","42.7","2017-03-05","5.37",,"0.00","0.0","0.0",,"37","14","  350","  300","14.1","23.0"
"USW00094728","NY CITY CENTRAL PARK, NY US","40.77898","-73.96925","42.7","2017-03-06","3.36",,"0.00","0.0","0.0",,"45","26","  180","  180","10.1","16.1"
"USW00094728","NY CITY CENTRAL PARK, NY US","40.77898","-73.96925","42.7","2017-03-07","4.25",,"0.10","0.0","0.0",,"56","42","  160","  160","13.0","19.9"
"USW00094728","NY CITY CENTRAL PARK, NY US","40.77898","-73.96925","42.7","2017-03-08","7.61",,"0.02","0.0","0.0",,"59","47","  250","  270","17.0","31.1"
"USW00094728","NY CITY CENTRAL PARK, NY US","40.77898","-73.96925","42.7","2017-03-09","8.72",,"0.00","0.0","0.0",,"61","47","  280","  270","23.0","38.9"
"USW00094728","NY CITY CENTRAL PARK, NY US","40.77898","-73.96925","42.7","2017-03-10","7.61",,"0.31","2.1","0.0",,"47","23","  310","  290","19.9","33.1"
"USW00094728","NY CITY CENTRAL PARK, NY US","40.77898","-73.96925","42.7","2017-03-11","9.62",,"0.00","0.0","1.2",,"29","17","  290","  330","18.1","32.0"
"USW00094728","NY CITY CENTRAL PARK, NY US","40.77898","-73.96925","42.7","2017-03-12","8.95",,"0.00","0.0","0.0",,"29","19","  280","  300","17.0","25.1"
"USW00094728","NY CITY CENTRAL PARK, NY US","40.77898","-73.96925","42.7","2017-03-13","4.47",,"0.00","0.0","0.0",,"36","20","  170","  180","14.1","21.9"
"USW00094728","NY CITY CENTRAL PARK, NY US","40.77898","-73.96925","42.7","2017-03-14","13.42",,"1.97","7.6","3.9",,"32","21","   60","   40","28.0","38.0"
"USW00094728","NY CITY CENTRAL PARK, NY US","40.77898","-73.96925","42.7","2017-03-15","11.63",,"0.00","0.0","5.9",,"26","20","  280","  290","21.0","36.0"
"USW00094728","NY CITY CENTRAL PARK, NY US","40.77898","-73.96925","42.7","2017-03-16","7.83",,"0.00","0.0","5.1",,"39","24","  290","  280","19.9","34.0"
"USW00094728","NY CITY CENTRAL PARK, NY US","40.77898","-73.96925","42.7","2017-03-17","6.49",,"0.00","0.0","3.9",,"47","29","  280","  290","15.0","21.9"
"USW00094728","NY CITY CENTRAL PARK, NY US","40.77898","-73.96925","42.7","2017-03-18","8.72",,"0.08","0.0","3.1",,"39","34","   70","   60","19.9","27.1"
"USW00094728","NY CITY CENTRAL PARK, NY US","40.77898","-73.96925","42.7","2017-03-19","8.28",,"0.00","0.0","3.1",,"47","34","   60","   70","18.1","29.1"
"USW00094728","NY CITY CENTRAL PARK, NY US","40.77898","-73.96925","42.7","2017-03-20","5.14",,"0.00","0.0","0.0",,"52","33","   40","   40","14.1","21.9"
"USW00094728","NY CITY CENTRAL PARK, NY US","40.77898","-73.96925","42.7","2017-03-21","4.03",,"0.00","0.0","0.0",,"59","42","  270","  270","13.0","18.1"
"USW00094728","NY CITY CENTRAL PARK, NY US","40.77898","-73.96925","42.7","2017-03-22","11.41",,"0.00","0.0","0.0",,"50","24","  310","  310","23.9","42.1"
"USW00094728","NY CITY CENTRAL PARK, NY US","40.77898","-73.96925","42.7","2017-03-23","4.92",,"0.00","0.0","0.0",,"42","23","  310","  310","13.0","17.0"
"USW00094728","NY CITY CENTRAL PARK, NY US","40.77898","-73.96925","42.7","2017-03-24","6.26",,"0.00","0.0","0.0",,"57","36","  250","  240","15.0","23.0"
"USW00094728","NY CITY CENTRAL PARK, NY US","40.77898","-73.96925","42.7","2017-03-25","6.71",,"0.01","0.0","0.0",,"62","42","   30","  260","16.1","23.9"
"USW00094728","NY CITY CENTRAL PARK, NY US","40.77898","-73.96925","42.7","2017-03-26","8.28",,"0.14","0.0","0.0",,"42","37","   70","   70","18.1","23.9"
"USW00094728","NY CITY CENTRAL PARK, NY US","40.77898","-73.96925","42.7","2017-03-27","4.25",,"0.26","0.0","0.0",,"53","37","   60","   50","12.1","17.0"
"USW00094728","NY CITY CENTRAL PARK, NY US","40.77898","-73.96925","42.7","2017-03-28","5.82",,"0.72","0.0","0.0",,"46","41","   70","   60","14.1","21.0"
"USW00094728","NY CITY CENTRAL PARK, NY US","40.77898","-73.96925","42.7","2017-03-29","7.83",,"0.00","0.0","0.0",,"60","42","   30","   40","18.1","27.1"
"USW00094728","NY CITY CENTRAL PARK, NY US","40.77898","-73.96925","42.7","2017-03-30","5.82",,"0.01","0.0","0.0",,"52","38","   60","   60","15.0","19.9"
"USW00094728","NY CITY CENTRAL PARK, NY US","40.77898","-73.96925","42.7","2017-03-31","10.29",,"1.51","0.0","0.0",,"43","37","   70","   60","25.9","40.9"
"USW00094728","NY CITY CENTRAL PARK, NY US","40.77898","-73.96925","42.7","2017-04-01","7.61",,"0.00","0.0","0.0",,"48","37","   70","   60","25.9","38.9"
"USW00094728","NY CITY CENTRAL PARK, NY US","40.77898","-73.96925","42.7","2017-04-02","5.37",,"0.00","0.0","0.0",,"63","40","  290","  310","14.1","23.9"
"USW00094728","NY CITY CENTRAL PARK, NY US","40.77898","-73.96925","42.7","2017-04-03","4.92",,"0.03","0.0","0.0",,"63","48","  170","  180","18.1","23.9"
"USW00094728","NY CITY CENTRAL PARK, NY US","40.77898","-73.96925","42.7","2017-04-04","6.93",,"1.18","0.0","0.0",,"51","45","   80","   90","18.1","25.1"
"USW00094728","NY CITY CENTRAL PARK, NY US","40.77898","-73.96925","42.7","2017-04-05","3.36",,"0.00","0.0","0.0",,"65","45","  120","  170","14.1","25.1"
"USW00094728","NY CITY CENTRAL PARK, NY US","40.77898","-73.96925","42.7","2017-04-06","9.17",,"0.73","0.0","0.0",,"53","40","   60","   70","21.9","30.0"
"USW00094728","NY CITY CENTRAL PARK, NY US","40.77898","-73.96925","42.7","2017-04-07","10.51",,"0.00","0.0","0.0",,"51","40","  290","  290","17.0","30.0"
"USW00094728","NY CITY CENTRAL PARK, NY US","40.77898","-73.96925","42.7","2017-04-08","8.28",,"0.00","0.0","0.0",,"57","40","  310","  300","17.0","28.0"
"USW00094728","NY CITY CENTRAL PARK, NY US","40.77898","-73.96925","42.7","2017-04-09","4.92",,"0.00","0.0","0.0",,"67","45","  240","  240","13.0","23.0"
"USW00094728","NY CITY CENTRAL PARK, NY US","40.77898","-73.96925","42.7","2017-04-10","6.04",,"0.00","0.0","0.0",,"74","53","  160","  230","13.0","19.9"
"USW00094728","NY CITY CENTRAL PARK, NY US","40.77898","-73.96925","42.7","2017-04-11","5.59",,"0.00","0.0","0.0",,"80","61","  260","  240","14.1","23.0"
"USW00094728","NY CITY CENTRAL PARK, NY US","40.77898","-73.96925","42.7","2017-04-12","2.91",,"0.02","0.0","0.0",,"76","58","   40","  300","10.1","21.0"
"USW00094728","NY CITY CENTRAL PARK, NY US","40.77898","-73.96925","42.7","2017-04-13","5.14",,"0.00","0.0","0.0",,"65","48","  350","  310","14.1","23.0"
"USW00094728","NY CITY CENTRAL PARK, NY US","40.77898","-73.96925","42.7","2017-04-14","3.80",,"0.00","0.0","0.0",,"66","48","  180","  180","10.1","18.1"
"USW00094728","NY CITY CENTRAL PARK, NY US","40.77898","-73.96925","42.7","2017-04-15","5.59",,"0.00","0.0","0.0",,"65","51","  180","  240","12.1","19.0"
"USW00094728","NY CITY CENTRAL PARK, NY US","40.77898","-73.96925","42.7","2017-04-16","7.38",,"0.00","0.0","0.0",,"87","59","  310","  310","21.0","36.9"
"USW00094728","NY CITY CENTRAL PARK, NY US","40.77898","-73.96925","42.7","2017-04-17","6.71",,"0.00","0.0","0.0",,"74","58","  360","  340","14.1","23.9"
"USW00094728","NY CITY CENTRAL PARK, NY US","40.77898","-73.96925","42.7","2017-04-18","6.93",,"0.00","0.0","0.0",,"65","47","  170","  170","15.0","23.9"
"USW00094728","NY CITY CENTRAL PARK, NY US","40.77898","-73.96925","42.7","2017-04-19","5.59",,"0.00","0.0","0.0",,"54","45","  180","  160","16.1","23.0"
"USW00094728","NY CITY CENTRAL PARK, NY US","40.77898","-73.96925","42.7","2017-04-20","4.03",,"0.17","0.0","0.0",,"66","50","  140","  150","13.0","19.9"
"USW00094728","NY CITY CENTRAL PARK, NY US","40.77898","-73.96925","42.7","2017-04-21","7.38",,"0.29","0.0","0.0",,"53","48","   70","   50","14.1","19.0"
"USW00094728","NY CITY CENTRAL PARK, NY US","40.77898","-73.96925","42.7","2017-04-22","3.58",,"0.11","0.0","0.0",,"57","49","   20","  310","10.1","16.1"
"USW00094728","NY CITY CENTRAL PARK, NY US","40.77898","-73.96925","42.7","2017-04-23","4.92",,"0.00","0.0","0.0",,"66","46","  160","   20","12.1","17.0"
"USW00094728","NY CITY CENTRAL PARK, NY US","40.77898","-73.96925","42.7","2017-04-24","3.58",,"0.00","0.0","0.0",,"60","48","   60","   60","10.1","14.1"
"USW00094728","NY CITY CENTRAL PARK, NY US","40.77898","-73.96925","42.7","2017-04-25","13.20",,"0.91","0.0","0.0",,"54","49","   70","   60","25.1","38.9"
"USW00094728","NY CITY CENTRAL PARK, NY US","40.77898","-73.96925","42.7","2017-04-26","4.92",,"0.34","0.0","0.0",,"60","53","   70","   60","18.1","23.9"
"USW00094728","NY CITY CENTRAL PARK, NY US","40.77898","-73.96925","42.7","2017-04-27","2.91",,"0.00","0.0","0.0",,"70","57","  160","  160","16.1","21.9"
"USW00094728","NY CITY CENTRAL PARK, NY US","40.77898","-73.96925","42.7","2017-04-28","3.13",,"0.00","0.0","0.0",,"85","58","  210","  190","12.1","19.0"
"USW00094728","NY CITY CENTRAL PARK, NY US","40.77898","-73.96925","42.7","2017-04-29","5.14",,"0.06","0.0","0.0",,"85","64","  280","  290","23.0","36.9"
"USW00094728","NY CITY CENTRAL PARK, NY US","40.77898","-73.96925","42.7","2017-04-30","6.71",,"0.00","0.0","0.0",,"67","52","   80","  150","14.1","21.9"
"USW00094728","NY CITY CENTRAL PARK, NY US","40.77898","-73.96925","42.7","2017-05-01","5.14",,"0.00","0.0","0.0",,"74","49","  180","  180","12.1","21.0"
"USW00094728","NY CITY CENTRAL PARK, NY US","40.77898","-73.96925","42.7","2017-05-02","7.83",,"0.00","0.0","0.0",,"75","62","  270","  240","19.9","32.0"
"USW00094728","NY CITY CENTRAL PARK, NY US","40.77898","-73.96925","42.7","2017-05-03","8.28",,"0.00","0.0","0.0",,"65","51","  310","  310","18.1","31.1"
"USW00094728","NY CITY CENTRAL PARK, NY US","40.77898","-73.96925","42.7","2017-05-04","5.37",,"0.00","0.0","0.0",,"64","47","  170","  160","13.0","21.9"
"USW00094728","NY CITY CENTRAL PARK, NY US","40.77898","-73.96925","42.7","2017-05-05","6.49",,"3.02","0.0","0.0",,"59","51","   70","   50","16.1","23.0"
"USW00094728","NY CITY CENTRAL PARK, NY US","40.77898","-73.96925","42.7","2017-05-06","6.04",,"0.18","0.0","0.0",,"67","52","  180","  170","15.0","25.9"
"USW00094728","NY CITY CENTRAL PARK, NY US","40.77898","-73.96925","42.7","2017-05-07","5.59",,"0.01","0.0","0.0",,"56","47","  280","  270","14.1","21.9"
"USW00094728","NY CITY CENTRAL PARK, NY US","40.77898","-73.96925","42.7","2017-05-08","5.82",,"0.00","0.0","0.0",,"57","44","  290","  290","15.0","25.9"
"USW00094728","NY CITY CENTRAL PARK, NY US","40.77898","-73.96925","42.7","2017-05-09","4.47",,"0.00","0.0","0.0",,"63","47","   50","   60","12.1","17.0"
"USW00094728","NY CITY CENTRAL PARK, NY US","40.77898","-73.96925","42.7","2017-05-10","3.36",,"0.00","0.0","0.0",,"63","49","  330",,"6.9",
"USW00094728","NY CITY CENTRAL PARK, NY US","40.77898","-73.96925","42.7","2017-05-11","3.58",,"0.00","0.0","0.0",,"62","51","  170",,"6.9",
"USW00094728","NY CITY CENTRAL PARK, NY US","40.77898","-73.96925","42.7","2017-05-12","4.03",,"0.00","0.0","0.0",,"65","48","   80","  160","12.1","17.0"
"USW00094728","NY CITY CENTRAL PARK, NY US","40.77898","-73.96925","42.7","2017-05-13","7.61",,"1.61","0.0","0.0",,"53","45","   50","   50","18.1","31.1"
"USW00094728","NY CITY CENTRAL PARK, NY US","40.77898","-73.96925","42.7","2017-05-14","5.37",,"0.02","0.0","0.0",,"67","46","  310","  290","15.0","30.0"
"USW00094728","NY CITY CENTRAL PARK, NY US","40.77898","-73.96925","42.7","2017-05-15","8.95",,"0.00","0.0","0.0",,"68","53","  300","  310","18.1","34.0"
"USW00094728","NY CITY CENTRAL PARK, NY US","40.77898","-73.96925","42.7","2017-05-16","4.25",,"0.00","0.0","0.0",,"79","56","  300","  290","12.1","18.1"
"USW00094728","NY CITY CENTRAL PARK, NY US","40.77898","-73.96925","42.7","2017-05-17","5.59",,"0.00","0.0","0.0",,"90","65","  250","  240","12.1","23.0"
"USW00094728","NY CITY CENTRAL PARK, NY US","40.77898","-73.96925","42.7","2017-05-18","5.59",,"0.00","0.0","0.0",,"92","75","  250","  200","14.1","23.0"
"USW00094728","NY CITY CENTRAL PARK, NY US","40.77898","-73.96925","42.7","2017-05-19","6.26",,"0.00","0.0","0.0",,"91","66","   40","   40","16.1","25.1"
"USW00094728","NY CITY CENTRAL PARK, NY US","40.77898","-73.96925","42.7","2017-05-20","4.03",,"0.01","0.0","0.0",,"65","55","   60","   60","16.1","23.0"
"USW00094728","NY CITY CENTRAL PARK, NY US","40.77898","-73.96925","42.7","2017-05-21","4.03",,"0.00","0.0","0.0",,"69","52","  170","  170","12.1","19.0"
"USW00094728","NY CITY CENTRAL PARK, NY US","40.77898","-73.96925","42.7","2017-05-22","2.68",,"0.59","0.0","0.0",,"61","53","  140","  140","10.1","16.1"
"USW00094728","NY CITY CENTRAL PARK, NY US","40.77898","-73.96925","42.7","2017-05-23","2.24",,"0.00","0.0","0.0",,"69","56","   20","   20","10.1","15.0"
"USW00094728","NY CITY CENTRAL PARK, NY US","40.77898","-73.96925","42.7","2017-05-24","4.92",,"0.04","0.0","0.0",,"69","56","   60","   80","14.1","19.0"
"USW00094728","NY CITY CENTRAL PARK, NY US","40.77898","-73.96925","42.7","2017-05-25","8.05",,"0.58","0.0","0.0",,"59","56","   50","   80","16.1","28.0"
"USW00094728","NY CITY CENTRAL PARK, NY US","40.77898","-73.96925","42.7","2017-05-26","4.92",,"0.10","0.0","0.0",,"73","56","  290","  270","16.1","25.1"
"USW00094728","NY CITY CENTRAL PARK, NY US","40.77898","-73.96925","42.7","2017-05-27","3.13",,"0.00","0.0","0.0",,"71","59","  120","  290","8.1","13.0"
"USW00094728","NY CITY CENTRAL PARK, NY US","40.77898","-73.96925","42.7","2017-05-28","4.47",,"0.00","0.0","0.0",,"71","58","  160","  170","12.1","21.0"
"USW00094728","NY CITY CENTRAL PARK, NY US","40.77898","-73.96925","42.7","2017-05-29","5.14",,"0.13","0.0","0.0",,"61","56","   60","   80","12.1","14.1"
"USW00094728","NY CITY CENTRAL PARK, NY US","40.77898","-73.96925","42.7","2017-05-30","2.68",,"0.06","0.0","0.0",,"60","55","  160","  150","12.1","17.0"
"USW00094728","NY CITY CENTRAL PARK, NY US","40.77898","-73.96925","42.7","2017-05-31","2.46",,"0.03","0.0","0.0",,"75","58","   60","   50","12.1","17.0"
"USW00094728","NY CITY CENTRAL PARK, NY US","40.77898","-73.96925","42.7","2017-06-01","3.80",,"0.00","0.0","0.0",,"79","59","  280","  270","13.0","21.9"
"USW00094728","NY CITY CENTRAL PARK, NY US","40.77898","-73.96925","42.7","2017-06-02","4.47",,"0.01","0.0","0.0",,"76","57","  280","  260","16.1","23.9"
"USW00094728","NY CITY CENTRAL PARK, NY US","40.77898","-73.96925","42.7","2017-06-03","3.58",,"0.01","0.0","0.0",,"73","55","  300","  320","13.0","23.9"
"USW00094728","NY CITY CENTRAL PARK, NY US","40.77898","-73.96925","42.7","2017-06-04","2.24",,"0.09","0.0","0.0",,"70","56","  180","  150","8.1","14.1"
"USW00094728","NY CITY CENTRAL PARK, NY US","40.77898","-73.96925","42.7","2017-06-05","4.92",,"0.02","0.0","0.0",,"67","58","   70","   60","16.1","21.9"
"USW00094728","NY CITY CENTRAL PARK, NY US","40.77898","-73.96925","42.7","2017-06-06","7.16",,"0.06","0.0","0.0",,"58","52","   80","   80","13.0","23.0"
"USW00094728","NY CITY CENTRAL PARK, NY US","40.77898","-73.96925","42.7","2017-06-07","3.36",,"0.00","0.0","0.0",,"67","51","   50","   60","12.1","17.0"
"USW00094728","NY CITY CENTRAL PARK, NY US","40.77898","-73.96925","42.7","2017-06-08","3.80",,"0.00","0.0","0.0",,"69","55","  160","  140","8.9","15.0"
"USW00094728","NY CITY CENTRAL PARK, NY US","40.77898","-73.96925","42.7","2017-06-09","4.70",,"0.00","0.0","0.0",,"80","53","  280","  300","13.0","21.0"
"USW00094728","NY CITY CENTRAL PARK, NY US","40.77898","-73.96925","42.7","2017-06-10","3.58",,"0.00","0.0","0.0",,"85","66","  250","  260","14.1","23.0"
"USW00094728","NY CITY CENTRAL PARK, NY US","40.77898","-73.96925","42.7","2017-06-11","5.14",,"0.00","0.0","0.0",,"90","72","  270","  270","14.1","25.9"
"USW00094728","NY CITY CENTRAL PARK, NY US","40.77898","-73.96925","42.7","2017-06-12","3.80",,"0.00","0.0","0.0",,"93","76","  270","  260","12.1","18.1"
"USW00094728","NY CITY CENTRAL PARK, NY US","40.77898","-73.96925","42.7","2017-06-13","3.13",,"0.00","0.0","0.0",,"94","77","  250","  250","10.1","19.9"
"USW00094728","NY CITY CENTRAL PARK, NY US","40.77898","-73.96925","42.7","2017-06-14","4.70",,"0.29","0.0","0.0",,"84","69","   50","   50","13.0","19.0"
"USW00094728","NY CITY CENTRAL PARK, NY US","40.77898","-73.96925","42.7","2017-06-15","4.25",,"0.00","0.0","0.0",,"76","64","  170","  160","12.1","19.0"
"USW00094728","NY CITY CENTRAL PARK, NY US","40.77898","-73.96925","42.7","2017-06-16","5.14",,"0.00","0.0","0.0",,"68","63","  120","  120","10.1","17.0"
"USW00094728","NY CITY CENTRAL PARK, NY US","40.77898","-73.96925","42.7","2017-06-17","2.24",,"1.39","0.0","0.0",,"74","66","  170","  140","6.9","11.0"
"USW00094728","NY CITY CENTRAL PARK, NY US","40.77898","-73.96925","42.7","2017-06-18","3.58",,"0.00","0.0","0.0",,"85","70","  180","  170","10.1","21.0"
"USW00094728","NY CITY CENTRAL PARK, NY US","40.77898","-73.96925","42.7","2017-06-19","3.80",,"1.35","0.0","0.0",,"88","70","  250","  290","13.0","34.0"
"USW00094728","NY CITY CENTRAL PARK, NY US","40.77898","-73.96925","42.7","2017-06-20","5.14",,"0.03","0.0","0.0",,"83","71","  290","  250","15.0","23.9"
"USW00094728","NY CITY CENTRAL PARK, NY US","40.77898","-73.96925","42.7","2017-06-21","4.70",,"0.00","0.0","0.0",,"83","71","  270","  270","13.0","23.0"
"USW00094728","NY CITY CENTRAL PARK, NY US","40.77898","-73.96925","42.7","2017-06-22","2.24",,"0.00","0.0","0.0",,"83","68","  240","  180","8.1","19.0"
"USW00094728","NY CITY CENTRAL PARK, NY US","40.77898","-73.96925","42.7","2017-06-23","4.92",,"0.04","0.0","0.0",,"83","76","  240","  270","15.0","25.9"
"USW00094728","NY CITY CENTRAL PARK, NY US","40.77898","-73.96925","42.7","2017-06-24","5.37",,"1.29","0.0","0.0",,"84","71","  290","  280","17.0","28.0"
"USW00094728","NY CITY CENTRAL PARK, NY US","40.77898","-73.96925","42.7","2017-06-25","2.46",,"0.00","0.0","0.0",,"83","68","  350","  280","12.1","21.9"
"USW00094728","NY CITY CENTRAL PARK, NY US","40.77898","-73.96925","42.7","2017-06-26","3.13",,"0.00","0.0","0.0",,"79","64","  270","  180","12.1","19.0"
"USW00094728","NY CITY CENTRAL PARK, NY US","40.77898","-73.96925","42.7","2017-06-27","3.58",,"0.18","0.0","0.0",,"77","60","  290","  290","12.1","19.9"
"USW00094728","NY CITY CENTRAL PARK, NY US","40.77898","-73.96925","42.7","2017-06-28","4.92",,"0.00","0.0","0.0",,"78","61","  260","  260","15.0","21.9"
"USW00094728","NY CITY CENTRAL PARK, NY US","40.77898","-73.96925","42.7","2017-06-29","5.37",,"0.00","0.0","0.0",,"82","68","  240","  240","12.1","21.9"
"USW00094728","NY CITY CENTRAL PARK, NY US","40.77898","-73.96925","42.7","2017-06-30","5.82",,"0.00","0.0","0.0",,"88","73","  230","  250","13.0","23.9"
"USW00094728","NY CITY CENTRAL PARK, NY US","40.77898","-73.96925","42.7","2017-07-01","4.03",,"0.23","0.0","0.0",,"85","71","  260","  200","14.1","23.9"
"USW00094728","NY CITY CENTRAL PARK, NY US","40.77898","-73.96925","42.7","2017-07-02","4.92",,"0.00","0.0","0.0",,"87","72","  270","  260","12.1","19.0"
"USW00094728","NY CITY CENTRAL PARK, NY US","40.77898","-73.96925","42.7","2017-07-03","1.79",,"0.45","0.0","0.0",,"88","71","  340","  320","16.1","28.0"
"USW00094728","NY CITY CENTRAL PARK, NY US","40.77898","-73.96925","42.7","2017-07-04","2.68",,"0.00","0.0","0.0",,"85","70","  260","   80","8.1","11.0"
"USW00094728","NY CITY CENTRAL PARK, NY US","40.77898","-73.96925","42.7","2017-07-05","4.92",,"0.00","0.0","0.0",,"85","70","  160","  180","12.1","19.0"
"USW00094728","NY CITY CENTRAL PARK, NY US","40.77898","-73.96925","42.7","2017-07-06","3.58",,"0.00","0.0","0.0",,"77","71","  160","  150","10.1","14.1"
"USW00094728","NY CITY CENTRAL PARK, NY US","40.77898","-73.96925","42.7","2017-07-07","5.37",,"1.78","0.0","0.0",,"80","68","   70","  310","14.1","21.9"
"USW00094728","NY CITY CENTRAL PARK, NY US","40.77898","-73.96925","42.7","2017-07-08","3.36",,"0.00","0.0","0.0",,"84","69","  280","  260","16.1","23.0"
"USW00094728","NY CITY CENTRAL PARK, NY US","40.77898","-73.96925","42.7","2017-07-09","3.58",,"0.00","0.0","0.0",,"81","67","  270","  290","12.1","17.0"
"USW00094728","NY CITY CENTRAL PARK, NY US","40.77898","-73.96925","42.7","2017-07-10","3.36",,"0.00","0.0","0.0",,"84","68","  150","  170","10.1","19.9"
"USW00094728","NY CITY CENTRAL PARK, NY US","40.77898","-73.96925","42.7","2017-07-11","3.13",,"0.00","0.0","0.0",,"85","75","  260","  260","13.0","21.9"
"USW00094728","NY CITY CENTRAL PARK, NY US","40.77898","-73.96925","42.7","2017-07-12","5.14",,"0.00","0.0","0.0",,"88","77","  270","  260","16.1","25.1"
"USW00094728","NY CITY CENTRAL PARK, NY US","40.77898","-73.96925","42.7","2017-07-13","4.92",,"0.00","0.0","0.0",,"90","73","  260","  270","14.1","21.9"
"USW00094728","NY CITY CENTRAL PARK, NY US","40.77898","-73.96925","42.7","2017-07-14","4.70",,"0.35","0.0","0.0",,"73","65","   70","   70","13.0","17.0"
"USW00094728","NY CITY CENTRAL PARK, NY US","40.77898","-73.96925","42.7","2017-07-15","3.36",,"0.00","0.0","0.0",,"84","68","  280","  290","12.1","17.0"
"USW00094728","NY CITY CENTRAL PARK, NY US","40.77898","-73.96925","42.7","2017-07-16","2.68",,"0.00","0.0","0.0",,"87","68","  160","  150","8.9","16.1"
"USW00094728","NY CITY CENTRAL PARK, NY US","40.77898","-73.96925","42.7","2017-07-17","2.68",,"0.00","0.0","0.0",,"85","73","  160","  170","12.1","21.0"
"USW00094728","NY CITY CENTRAL PARK, NY US","40.77898","-73.96925","42.7","2017-07-18","2.91",,"0.00","0.0","0.0",,"88","73","  230","  240","10.1","18.1"
"USW00094728","NY CITY CENTRAL PARK, NY US","40.77898","-73.96925","42.7","2017-07-19","3.13",,"0.00","0.0","0.0",,"92","77","  280","  280","12.1","16.1"
"USW00094728","NY CITY CENTRAL PARK, NY US","40.77898","-73.96925","42.7","2017-07-20","2.91",,"0.01","0.0","0.0",,"94","77","  280","  250","12.1","17.0"
"USW00094728","NY CITY CENTRAL PARK, NY US","40.77898","-73.96925","42.7","2017-07-21","3.80",,"0.00","0.0","0.0",,"92","76","  280","  260","10.1","18.1"
"USW00094728","NY CITY CENTRAL PARK, NY US","40.77898","-73.96925","42.7","2017-07-22","2.46",,"0.57","0.0","0.0",,"92","71","  170","  150","8.1","13.0"
"USW00094728","NY CITY CENTRAL PARK, NY US","40.77898","-73.96925","42.7","2017-07-23","2.68",,"0.06","0.0","0.0",,"79","71","  150","  160","10.1","17.0"
"USW00094728","NY CITY CENTRAL PARK, NY US","40.77898","-73.96925","42.7","2017-07-24","6.71",,"0.74","0.0","0.0",,"73","63","   70","   80","15.0","23.0"
"USW00094728","NY CITY CENTRAL PARK, NY US","40.77898","-73.96925","42.7","2017-07-25","5.14",,"0.00","0.0","0.0",,"71","62","   60","   60","10.1","14.1"
"USW00094728","NY CITY CENTRAL PARK, NY US","40.77898","-73.96925","42.7","2017-07-26","3.80",,"0.00","0.0","0.0",,"77","65","   70","  180","8.9","17.0"
"USW00094728","NY CITY CENTRAL PARK, NY US","40.77898","-73.96925","42.7","2017-07-27","2.46",,"0.00","0.0","0.0",,"78","65","  260","  240","8.9","17.0"
"USW00094728","NY CITY CENTRAL PARK, NY US","40.77898","-73.96925","42.7","2017-07-28","2.91",,"0.00","0.0","0.0",,"85","71","   50","   30","12.1","17.0"
"USW00094728","NY CITY CENTRAL PARK, NY US","40.77898","-73.96925","42.7","2017-07-29","9.40",,"0.00","0.0","0.0",,"77","67","   60","   60","17.0","25.1"
"USW00094728","NY CITY CENTRAL PARK, NY US","40.77898","-73.96925","42.7","2017-07-30","4.25",,"0.00","0.0","0.0",,"82","64","   60","   50","12.1","16.1"
"USW00094728","NY CITY CENTRAL PARK, NY US","40.77898","-73.96925","42.7","2017-07-31","2.01",,"0.00","0.0","0.0",,"88","66","   70","  260","8.9","14.1"
"USW00094728","NY CITY CENTRAL PARK, NY US","40.77898","-73.96925","42.7","2017-08-01","2.68",,"0.00","0.0","0.0",,"92","71","  150","  240","8.1","14.1"
"USW00094728","NY CITY CENTRAL PARK, NY US","40.77898","-73.96925","42.7","2017-08-02","1.57",,"0.09","0.0","0.0",,"86","69","  310","  320","12.1","19.0"
"USW00094728","NY CITY CENTRAL PARK, NY US","40.77898","-73.96925","42.7","2017-08-03","1.79",,"0.00","0.0","0.0",,"87","68","  160","  150","8.9","19.0"
"USW00094728","NY CITY CENTRAL PARK, NY US","40.77898","-73.96925","42.7","2017-08-04","4.25",,"0.15","0.0","0.0",,"84","69","  160","  140","13.0","21.9"
"USW00094728","NY CITY CENTRAL PARK, NY US","40.77898","-73.96925","42.7","2017-08-05","4.47",,"0.30","0.0","0.0",,"78","69","  290","  290","14.1","21.9"
"USW00094728","NY CITY CENTRAL PARK, NY US","40.77898","-73.96925","42.7","2017-08-06","3.80",,"0.00","0.0","0.0",,"76","64","  280","  330","10.1","16.1"
"USW00094728","NY CITY CENTRAL PARK, NY US","40.77898","-73.96925","42.7","2017-08-07","2.46",,"0.76","0.0","0.0",,"71","64","  150","  170","8.9","18.1"
"USW00094728","NY CITY CENTRAL PARK, NY US","40.77898","-73.96925","42.7","2017-08-08","2.91",,"0.00","0.0","0.0",,"78","65","   60","   20","8.9","15.0"
"USW00094728","NY CITY CENTRAL PARK, NY US","40.77898","-73.96925","42.7","2017-08-09","1.34",,"0.00","0.0","0.0",,"85","64","  180","  200","8.1","14.1"
"USW00094728","NY CITY CENTRAL PARK, NY US","40.77898","-73.96925","42.7","2017-08-10","2.24",,"0.00","0.0","0.0",,"83","68","  160","  150","8.9","16.1"
"USW00094728","NY CITY CENTRAL PARK, NY US","40.77898","-73.96925","42.7","2017-08-11","2.68",,"0.00","0.0","0.0",,"82","69","  160","  160","12.1","18.1"
"USW00094728","NY CITY CENTRAL PARK, NY US","40.77898","-73.96925","42.7","2017-08-12","3.36",,"0.11","0.0","0.0",,"77","64","  140","  180","8.9","16.1"
"USW00094728","NY CITY CENTRAL PARK, NY US","40.77898","-73.96925","42.7","2017-08-13","3.80",,"0.00","0.0","0.0",,"83","71","   20","  280","10.1","17.0"
"USW00094728","NY CITY CENTRAL PARK, NY US","40.77898","-73.96925","42.7","2017-08-14","2.24",,"0.00","0.0","0.0",,"80","70","  250","  170","8.9","13.0"
"USW00094728","NY CITY CENTRAL PARK, NY US","40.77898","-73.96925","42.7","2017-08-15","1.12",,"0.45","0.0","0.0",,"74","68","  230","  250","8.1","13.0"
"USW00094728","NY CITY CENTRAL PARK, NY US","40.77898","-73.96925","42.7","2017-08-16","2.24",,"0.00","0.0","0.0",,"87","70","   60","  290","10.1","15.0"
"USW00094728","NY CITY CENTRAL PARK, NY US","40.77898","-73.96925","42.7","2017-08-17","3.13",,"0.00","0.0","0.0",,"83","69","  160","  160","10.1","16.1"
"USW00094728","NY CITY CENTRAL PARK, NY US","40.77898","-73.96925","42.7","2017-08-18","3.36",,"0.88","0.0","0.0",,"82","73","  250","  240","10.1","19.0"
"USW00094728","NY CITY CENTRAL PARK, NY US","40.77898","-73.96925","42.7","2017-08-19","2.91",,"0.00","0.0","0.0",,"86","73","  260","  260","12.1","17.0"
"USW00094728","NY CITY CENTRAL PARK, NY US","40.77898","-73.96925","42.7","2017-08-20","4.47",,"0.00","0.0","0.0",,"81","69","  290","  340","10.1","18.1"
"USW00094728","NY CITY CENTRAL PARK, NY US","40.77898","-73.96925","42.7","2017-08-21","3.36",,"0.00","0.0","0.0",,"87","71","  240","  250","12.1","19.0"
"USW00094728","NY CITY CENTRAL PARK, NY US","40.77898","-73.96925","42.7","2017-08-22","5.14",,"0.30","0.0","0.0",,"89","72","  250","  270","14.1","25.1"
"USW00094728","NY CITY CENTRAL PARK, NY US","40.77898","-73.96925","42.7","2017-08-23","4.03",,"0.00","0.0","0.0",,"81","70","  280","  310","10.1","19.9"
"USW00094728","NY CITY CENTRAL PARK, NY US","40.77898","-73.96925","42.7","2017-08-24","3.13",,"0.00","0.0","0.0",,"80","65","  360","  280","10.1","15.0"
"USW00094728","NY CITY CENTRAL PARK, NY US","40.77898","-73.96925","42.7","2017-08-25","2.46",,"0.00","0.0","0.0",,"78","63","   60","   50","8.9","15.0"
"USW00094728","NY CITY CENTRAL PARK, NY US","40.77898","-73.96925","42.7","2017-08-26","3.80",,"0.00","0.0","0.0",,"78","62","   40","   60","8.9","14.1"
"USW00094728","NY CITY CENTRAL PARK, NY US","40.77898","-73.96925","42.7","2017-08-27","4.47",,"0.00","0.0","0.0",,"78","63","   70","   60","13.0","17.0"
"USW00094728","NY CITY CENTRAL PARK, NY US","40.77898","-73.96925","42.7","2017-08-28","6.26",,"0.00","0.0","0.0",,"76","63","   70","   50","16.1","21.9"
"USW00094728","NY CITY CENTRAL PARK, NY US","40.77898","-73.96925","42.7","2017-08-29","8.05",,"0.29","0.0","0.0",,"68","61","   80","   90","16.1","25.1"
"USW00094728","NY CITY CENTRAL PARK, NY US","40.77898","-73.96925","42.7","2017-08-30","5.14",,"0.01","0.0","0.0",,"78","60","   40","   30","13.0","18.1"
"USW00094728","NY CITY CENTRAL PARK, NY US","40.77898","-73.96925","42.7","2017-08-31","3.80",,"0.00","0.0","0.0",,"81","64","  270","  270","14.1","23.0"
"USW00094728","NY CITY CENTRAL PARK, NY US","40.77898","-73.96925","42.7","2017-09-01","4.92",,"0.00","0.0","0.0",,"71","55","  300","  280","10.1","19.0"
"USW00094728","NY CITY CENTRAL PARK, NY US","40.77898","-73.96925","42.7","2017-09-02","5.59",,"0.53","0.0","0.0",,"68","54","  120","  110","10.1","17.0"
"USW00094728","NY CITY CENTRAL PARK, NY US","40.77898","-73.96925","42.7","2017-09-03","5.59",,"0.74","0.0","0.0",,"69","59","  100","  120","12.1","19.0"
"USW00094728","NY CITY CENTRAL PARK, NY US","40.77898","-73.96925","42.7","2017-09-04","4.70",,"0.00","0.0","0.0",,"80","61","  240","  270","12.1","21.9"
"USW00094728","NY CITY CENTRAL PARK, NY US","40.77898","-73.96925","42.7","2017-09-05","3.13",,"0.00","0.0","0.0",,"85","69","  290","  280","15.0","25.1"
"USW00094728","NY CITY CENTRAL PARK, NY US","40.77898","-73.96925","42.7","2017-09-06","3.80",,"0.42","0.0","0.0",,"72","61","   60","   30","14.1","21.9"
"USW00094728","NY CITY CENTRAL PARK, NY US","40.77898","-73.96925","42.7","2017-09-07","4.92",,"0.01","0.0","0.0",,"71","59","  250","  260","14.1","25.9"
"USW00094728","NY CITY CENTRAL PARK, NY US","40.77898","-73.96925","42.7","2017-09-08","3.80",,"0.00","0.0","0.0",,"71","58","  280","  280","13.0","21.9"
"USW00094728","NY CITY CENTRAL PARK, NY US","40.77898","-73.96925","42.7","2017-09-09","4.03",,"0.00","0.0","0.0",,"70","55","   70","   40","12.1","18.1"
"USW00094728","NY CITY CENTRAL PARK, NY US","40.77898","-73.96925","42.7","2017-09-10","5.82",,"0.00","0.0","0.0",,"72","57","   50","   60","15.0","21.0"
"USW00094728","NY CITY CENTRAL PARK, NY US","40.77898","-73.96925","42.7","2017-09-11","2.01",,"0.00","0.0","0.0",,"76","55","   10","   30","8.9","12.1"
"USW00094728","NY CITY CENTRAL PARK, NY US","40.77898","-73.96925","42.7","2017-09-12","1.34",,"0.00","0.0","0.0",,"78","59","  260","  260","8.1","15.0"
"USW00094728","NY CITY CENTRAL PARK, NY US","40.77898","-73.96925","42.7","2017-09-13","2.46",,"0.06","0.0","0.0",,"83","64","  250","  260","8.9","17.0"
"USW00094728","NY CITY CENTRAL PARK, NY US","40.77898","-73.96925","42.7","2017-09-14","2.24",,"0.02","0.0","0.0",,"81","70","  150","  240","10.1","18.1"
"USW00094728","NY CITY CENTRAL PARK, NY US","40.77898","-73.96925","42.7","2017-09-15","1.57",,"0.00","0.0","0.0",,"81","67","  250","  250","8.1","12.1"
"USW00094728","NY CITY CENTRAL PARK, NY US","40.77898","-73.96925","42.7","2017-09-16","2.91",,"0.00","0.0","0.0",,"82","70","  150","  160","8.9","14.1"
"USW00094728","NY CITY CENTRAL PARK, NY US","40.77898","-73.96925","42.7","2017-09-17","2.68",,"0.00","0.0","0.0",,"81","68","  170","  170","8.1","13.0"
"USW00094728","NY CITY CENTRAL PARK, NY US","40.77898","-73.96925","42.7","2017-09-18","6.93",,"0.00","0.0","0.0",,"73","68","   70","   80","13.0","18.1"
"USW00094728","NY CITY CENTRAL PARK, NY US","40.77898","-73.96925","42.7","2017-09-19","9.84",,"0.22","0.0","0.0",,"78","69","   60","   50","21.0","29.1"
"USW00094728","NY CITY CENTRAL PARK, NY US","40.77898","-73.96925","42.7","2017-09-20","6.26",,"0.00","0.0","0.0",,"79","71","   10","   30","15.0","25.1"
"USW00094728","NY CITY CENTRAL PARK, NY US","40.77898","-73.96925","42.7","2017-09-21","5.59",,"0.00","0.0","0.0",,"80","71","   50","   10","13.0","19.9"
"USW00094728","NY CITY CENTRAL PARK, NY US","40.77898","-73.96925","42.7","2017-09-22","7.16",,"0.00","0.0","0.0",,"82","66","   20","   30","14.1","23.0"
"USW00094728","NY CITY CENTRAL PARK, NY US","40.77898","-73.96925","42.7","2017-09-23","4.70",,"0.00","0.0","0.0",,"87","68","   60","   40","12.1","18.1"
"USW00094728","NY CITY CENTRAL PARK, NY US","40.77898","-73.96925","42.7","2017-09-24","1.57",,"0.00","0.0","0.0",,"91","69","   30","   30","8.9","12.1"
"USW00094728","NY CITY CENTRAL PARK, NY US","40.77898","-73.96925","42.7","2017-09-25","2.91",,"0.00","0.0","0.0",,"88","70","   50","  150","8.9","14.1"
"USW00094728","NY CITY CENTRAL PARK, NY US","40.77898","-73.96925","42.7","2017-09-26","2.01",,"0.00","0.0","0.0",,"84","68","   70","   60","8.1","12.1"
"USW00094728","NY CITY CENTRAL PARK, NY US","40.77898","-73.96925","42.7","2017-09-27","3.80",,"0.00","0.0","0.0",,"87","69","   60","   50","12.1","16.1"
"USW00094728","NY CITY CENTRAL PARK, NY US","40.77898","-73.96925","42.7","2017-09-28","5.82",,"0.00","0.0","0.0",,"79","59","  300","  310","15.0","23.9"
"USW00094728","NY CITY CENTRAL PARK, NY US","40.77898","-73.96925","42.7","2017-09-29","2.46",,"0.00","0.0","0.0",,"68","55","  270","  280","8.9","15.0"
"USW00094728","NY CITY CENTRAL PARK, NY US","40.77898","-73.96925","42.7","2017-09-30","6.26",,"0.00","0.0","0.0",,"66","54","   60","   30","17.0","23.0"
"USW00094728","NY CITY CENTRAL PARK, NY US","40.77898","-73.96925","42.7","2017-10-01","2.91",,"0.00","0.0","0.0",,"68","50","   50","   50","10.1","13.0"
"USW00094728","NY CITY CENTRAL PARK, NY US","40.77898","-73.96925","42.7","2017-10-02","2.46",,"0.00","0.0","0.0",,"73","52","   60","  180","8.1","13.0"
"USW00094728","NY CITY CENTRAL PARK, NY US","40.77898","-73.96925","42.7","2017-10-03","3.13",,"0.00","0.0","0.0",,"71","57","  150","  260","8.9","17.0"
"USW00094728","NY CITY CENTRAL PARK, NY US","40.77898","-73.96925","42.7","2017-10-04","4.92",,"0.00","0.0","0.0",,"75","56","  260","  260","14.1","21.9"
"USW00094728","NY CITY CENTRAL PARK, NY US","40.77898","-73.96925","42.7","2017-10-05","4.92",,"0.00","0.0","0.0",,"83","65","  260","  250","14.1","23.0"
"USW00094728","NY CITY CENTRAL PARK, NY US","40.77898","-73.96925","42.7","2017-10-06","2.46",,"0.00","0.0","0.0",,"82","68","  280","  290","10.1","16.1"
"USW00094728","NY CITY CENTRAL PARK, NY US","40.77898","-73.96925","42.7","2017-10-07","4.03",,"0.00","0.0","0.0",,"81","66","  150","  150","10.1","16.1"
"USW00094728","NY CITY CENTRAL PARK, NY US","40.77898","-73.96925","42.7","2017-10-08","4.92",,"0.22","0.0","0.0",,"77","72","  240","  240","12.1","21.0"
"USW00094728","NY CITY CENTRAL PARK, NY US","40.77898","-73.96925","42.7","2017-10-09","4.92",,"0.26","0.0","0.0",,"77","71","  170","  150","12.1","25.1"
"USW00094728","NY CITY CENTRAL PARK, NY US","40.77898","-73.96925","42.7","2017-10-10","2.91",,"0.00","0.0","0.0",,"81","66","  290","  320","8.9","16.1"
"USW00094728","NY CITY CENTRAL PARK, NY US","40.77898","-73.96925","42.7","2017-10-11","5.82",,"0.06","0.0","0.0",,"77","60","   60","   90","14.1","19.0"
"USW00094728","NY CITY CENTRAL PARK, NY US","40.77898","-73.96925","42.7","2017-10-12","8.72",,"0.07","0.0","0.0",,"64","55","   60","   80","18.1","27.1"
"USW00094728","NY CITY CENTRAL PARK, NY US","40.77898","-73.96925","42.7","2017-10-13","6.04",,"0.00","0.0","0.0",,"67","52","   60","  120","12.1","16.1"
"USW00094728","NY CITY CENTRAL PARK, NY US","40.77898","-73.96925","42.7","2017-10-14","2.46",,"0.08","0.0","0.0",,"72","61","   70","   60","8.1","11.0"
"USW00094728","NY CITY CENTRAL PARK, NY US","40.77898","-73.96925","42.7","2017-10-15","4.25",,"0.00","0.0","0.0",,"74","65","  240","  260","15.0","23.0"
"USW00094728","NY CITY CENTRAL PARK, NY US","40.77898","-73.96925","42.7","2017-10-16","6.71",,"0.01","0.0","0.0",,"69","46","  300","   99","13.0","19.9"
"USW00094728","NY CITY CENTRAL PARK, NY US","40.77898","-73.96925","42.7","2017-10-17","4.03",,"0.00","0.0","0.0",,"58","42","  250","  250","10.1","17.0"
"USW00094728","NY CITY CENTRAL PARK, NY US","40.77898","-73.96925","42.7","2017-10-18","3.80",,"0.00","0.0","0.0",,"72","50","  250","  240","10.1","16.1"
"USW00094728","NY CITY CENTRAL PARK, NY US","40.77898","-73.96925","42.7","2017-10-19","4.47",,"0.00","0.0","0.0",,"71","56","  250","  250","13.0","18.1"
"USW00094728","NY CITY CENTRAL PARK, NY US","40.77898","-73.96925","42.7","2017-10-20","4.03",,"0.00","0.0","0.0",,"73","57","  310","  300","12.1","19.0"
"USW00094728","NY CITY CENTRAL PARK, NY US","40.77898","-73.96925","42.7","2017-10-21","2.24",,"0.00","0.0","0.0",,"78","56","  260","  250","8.1","14.1"
"USW00094728","NY CITY CENTRAL PARK, NY US","40.77898","-73.96925","42.7","2017-10-22","1.57",,"0.00","0.0","0.0",,"76","57","  150","  170","8.1","12.1"
"USW00094728","NY CITY CENTRAL PARK, NY US","40.77898","-73.96925","42.7","2017-10-23","3.58",,"0.00","0.0","0.0",,"74","61","  150","  160","8.1","19.9"
"USW00094728","NY CITY CENTRAL PARK, NY US","40.77898","-73.96925","42.7","2017-10-24","5.59",,"0.20","0.0","0.0",,"74","67","  180","  180","16.1","30.0"
"USW00094728","NY CITY CENTRAL PARK, NY US","40.77898","-73.96925","42.7","2017-10-25","2.01",,"0.00","0.0","0.0",,"67","57","  280","  300","8.9","17.0"
"USW00094728","NY CITY CENTRAL PARK, NY US","40.77898","-73.96925","42.7","2017-10-26","6.04",,"0.00","0.0","0.0",,"58","50","  280","  310","13.0","23.0"
"USW00094728","NY CITY CENTRAL PARK, NY US","40.77898","-73.96925","42.7","2017-10-27","3.80",,"0.00","0.0","0.0",,"62","47","  260","  210","10.1","17.0"
"USW00094728","NY CITY CENTRAL PARK, NY US","40.77898","-73.96925","42.7","2017-10-28","4.92",,"0.00","0.0","0.0",,"69","55","  180","  210","12.1","21.9"
"USW00094728","NY CITY CENTRAL PARK, NY US","40.77898","-73.96925","42.7","2017-10-29","6.71",,"3.03","0.0","0.0",,"67","60","  260","  260","18.1","36.0"
"USW00094728","NY CITY CENTRAL PARK, NY US","40.77898","-73.96925","42.7","2017-10-30","8.72",,"0.25","0.0","0.0",,"61","46","  280","  270","19.9","35.1"
"USW00094728","NY CITY CENTRAL PARK, NY US","40.77898","-73.96925","42.7","2017-10-31","5.82",,"0.00","0.0","0.0",,"57","45","  260","  260","17.0","25.1"
"USW00094728","NY CITY CENTRAL PARK, NY US","40.77898","-73.96925","42.7","2017-11-01","2.46",,"0.00","0.0","0.0",,"59","43","  140","  130","10.1","16.1"
"USW00094728","NY CITY CENTRAL PARK, NY US","40.77898","-73.96925","42.7","2017-11-02","2.46",,"0.00","0.0","0.0",,"72","58","  160","  200","8.9","17.0"
"USW00094728","NY CITY CENTRAL PARK, NY US","40.77898","-73.96925","42.7","2017-11-03","5.59",,"0.00","0.0","0.0",,"74","51","  310","  300","15.0","21.9"
"USW00094728","NY CITY CENTRAL PARK, NY US","40.77898","-73.96925","42.7","2017-11-04","5.82",,"0.00","0.0","0.0",,"56","46","   50","   70","13.0","18.1"
"USW00094728","NY CITY CENTRAL PARK, NY US","40.77898","-73.96925","42.7","2017-11-05","4.25",,"0.02","0.0","0.0",,"61","51","  120","  100","12.1","17.0"
"USW00094728","NY CITY CENTRAL PARK, NY US","40.77898","-73.96925","42.7","2017-11-06","4.92",,"0.01","0.0","0.0",,"66","46","  310","  310","13.0","21.0"
"USW00094728","NY CITY CENTRAL PARK, NY US","40.77898","-73.96925","42.7","2017-11-07","6.49",,"0.70","0.0","0.0",,"49","40","   50","   40","13.0","21.9"
"USW00094728","NY CITY CENTRAL PARK, NY US","40.77898","-73.96925","42.7","2017-11-08","5.37",,"0.00","0.0","0.0",,"49","39","   50","   50","14.1","21.0"
"USW00094728","NY CITY CENTRAL PARK, NY US","40.77898","-73.96925","42.7","2017-11-09","3.36",,"0.00","0.0","0.0",,"55","39","  280","  260","10.1","18.1"
"USW00094728","NY CITY CENTRAL PARK, NY US","40.77898","-73.96925","42.7","2017-11-10","9.40",,"0.01","0.0","0.0",,"51","25","  310","  290","18.1","33.1"
"USW00094728","NY CITY CENTRAL PARK, NY US","40.77898","-73.96925","42.7","2017-11-11","4.70",,"0.00","0.0","0.0",,"38","24","   50","  320","13.0","19.9"
"USW00094728","NY CITY CENTRAL PARK, NY US","40.77898","-73.96925","42.7","2017-11-12","1.79",,"0.00","0.0","0.0",,"46","32","  260","  260","10.1","14.1"
"USW00094728","NY CITY CENTRAL PARK, NY US","40.77898","-73.96925","42.7","2017-11-13","3.58",,"0.07","0.0","0.0",,"47","39","   50","   50","12.1","15.0"
"USW00094728","NY CITY CENTRAL PARK, NY US","40.77898","-73.96925","42.7","2017-11-14","4.92",,"0.00","0.0","0.0",,"48","35","   70","   50","12.1","16.1"
"USW00094728","NY CITY CENTRAL PARK, NY US","40.77898","-73.96925","42.7","2017-11-15","5.14",,"0.00","0.0","0.0",,"51","37","  130","  150","10.1","17.0"
"USW00094728","NY CITY CENTRAL PARK, NY US","40.77898","-73.96925","42.7","2017-11-16","6.49",,"0.20","0.0","0.0",,"57","43","  290","  280","15.0","30.0"
"USW00094728","NY CITY CENTRAL PARK, NY US","40.77898","-73.96925","42.7","2017-11-17","7.83",,"0.00","0.0","0.0",,"47","37","  300","  320","12.1","31.1"
"USW00094728","NY CITY CENTRAL PARK, NY US","40.77898","-73.96925","42.7","2017-11-18","3.36",,"0.10","0.0","0.0",,"56","34","  180","  170","8.1","18.1"
"USW00094728","NY CITY CENTRAL PARK, NY US","40.77898","-73.96925","42.7","2017-11-19","9.62",,"0.23","0.0","0.0",,"59","38","  290","  290","19.9","38.9"
"USW00094728","NY CITY CENTRAL PARK, NY US","40.77898","-73.96925","42.7","2017-11-20","6.71",,"0.00","0.0","0.0",,"47","36","  290","  260","16.1","27.1"
"USW00094728","NY CITY CENTRAL PARK, NY US","40.77898","-73.96925","42.7","2017-11-21","5.14",,"0.00","0.0","0.0",,"58","42","  220","  240","14.1","23.0"
"USW00094728","NY CITY CENTRAL PARK, NY US","40.77898","-73.96925","42.7","2017-11-22","6.71",,"0.21","0.0","0.0",,"56","35","  310","  300","17.0","29.1"
"USW00094728","NY CITY CENTRAL PARK, NY US","40.77898","-73.96925","42.7","2017-11-23","4.70",,"0.00","0.0","0.0",,"43","31","  320","  300","8.9","21.9"
"USW00094728","NY CITY CENTRAL PARK, NY US","40.77898","-73.96925","42.7","2017-11-24","3.80",,"0.00","0.0","0.0",,"50","35","  250","  260","8.9","18.1"
"USW00094728","NY CITY CENTRAL PARK, NY US","40.77898","-73.96925","42.7","2017-11-25","4.03",,"0.00","0.0","0.0",,"57","43","  250","  250","8.9","25.1"
"USW00094728","NY CITY CENTRAL PARK, NY US","40.77898","-73.96925","42.7","2017-11-26","6.71",,"0.00","0.0","0.0",,"51","40","  310","  310","17.0","28.0"
"USW00094728","NY CITY CENTRAL PARK, NY US","40.77898","-73.96925","42.7","2017-11-27","6.49",,"0.00","0.0","0.0",,"51","39","  320","  290","14.1","23.9"
"USW00094728","NY CITY CENTRAL PARK, NY US","40.77898","-73.96925","42.7","2017-11-28","4.47",,"0.00","0.0","0.0",,"54","36","  240","  250","13.0","23.0"
"USW00094728","NY CITY CENTRAL PARK, NY US","40.77898","-73.96925","42.7","2017-11-29","5.37",,"0.00","0.0","0.0",,"63","42","  310","  320","15.0","30.0"
"USW00094728","NY CITY CENTRAL PARK, NY US","40.77898","-73.96925","42.7","2017-11-30","4.47",,"0.03","0.0","0.0",,"53","38","   80","  100","14.1","18.1"
"USW00094728","NY CITY CENTRAL PARK, NY US","40.77898","-73.96925","42.7","2017-12-01","5.37",,"0.00","0.0","0.0",,"52","42","   80","   20","12.1","19.9"
"USW00094728","NY CITY CENTRAL PARK, NY US","40.77898","-73.96925","42.7","2017-12-02","3.13",,"0.00","0.0","0.0",,"48","39","   80","   70","12.1","15.0"
"USW00094728","NY CITY CENTRAL PARK, NY US","40.77898","-73.96925","42.7","2017-12-03","2.01",,"0.00","0.0","0.0",,"48","42","  100","  100","8.9","8.9"
"USW00094728","NY CITY CENTRAL PARK, NY US","40.77898","-73.96925","42.7","2017-12-04","3.58",,"0.00","0.0","0.0",,"51","40","  150","  180","10.1","16.1"
"USW00094728","NY CITY CENTRAL PARK, NY US","40.77898","-73.96925","42.7","2017-12-05","6.71",,"0.75","0.0","0.0",,"61","50","  170","  170","14.1","21.9"
"USW00094728","NY CITY CENTRAL PARK, NY US","40.77898","-73.96925","42.7","2017-12-06","7.61",,"0.00","0.0","0.0",,"59","40","  260","  290","16.1","27.1"
"USW00094728","NY CITY CENTRAL PARK, NY US","40.77898","-73.96925","42.7","2017-12-07","6.71",,"0.00","0.0","0.0",,"44","37","  290","  250","17.0","31.1"
"USW00094728","NY CITY CENTRAL PARK, NY US","40.77898","-73.96925","42.7","2017-12-08","4.92",,"0.00","0.0","0.0",,"39","34","  280","  290","12.1","18.1"
"USW00094728","NY CITY CENTRAL PARK, NY US","40.77898","-73.96925","42.7","2017-12-09","4.25",,"0.46","4.6","0.0",,"35","30","   40","   40","10.1","16.1"
"USW00094728","NY CITY CENTRAL PARK, NY US","40.77898","-73.96925","42.7","2017-12-10","6.49",,"0.00","0.0","3.9",,"39","29","  260","  250","15.0","23.9"
"USW00094728","NY CITY CENTRAL PARK, NY US","40.77898","-73.96925","42.7","2017-12-11","5.37",,"0.00","0.0","2.0",,"41","33","  240","  260","13.0","21.9"
"USW00094728","NY CITY CENTRAL PARK, NY US","40.77898","-73.96925","42.7","2017-12-12","7.38",,"0.00","0.0","0.0",,"50","29","  280","  300","17.0","33.1"
"USW00094728","NY CITY CENTRAL PARK, NY US","40.77898","-73.96925","42.7","2017-12-13","10.74",,"0.00","0.0","0.0",,"31","20","  290","  290","21.9","40.0"
"USW00094728","NY CITY CENTRAL PARK, NY US","40.77898","-73.96925","42.7","2017-12-14","5.82",,"0.09","1.2","1.2",,"32","22","  310","  310","16.1","23.9"
"USW00094728","NY CITY CENTRAL PARK, NY US","40.77898","-73.96925","42.7","2017-12-15","3.80",,"0.11","1.2","1.2",,"28","20","  270","  250","12.1","19.0"
"USW00094728","NY CITY CENTRAL PARK, NY US","40.77898","-73.96925","42.7","2017-12-16","6.71",,"0.00","0.0","2.0",,"39","23","  240","  240","17.0","32.0"
"USW00094728","NY CITY CENTRAL PARK, NY US","40.77898","-73.96925","42.7","2017-12-17","2.91",,"0.00","0.0","1.2",,"38","32","  350","   10","8.9","12.1"
"USW00094728","NY CITY CENTRAL PARK, NY US","40.77898","-73.96925","42.7","2017-12-18","4.92",,"0.02","0.0","0.0",,"47","34","  250","  250","13.0","19.9"
"USW00094728","NY CITY CENTRAL PARK, NY US","40.77898","-73.96925","42.7","2017-12-19","7.61",,"0.00","0.0","0.0",,"55","45","  250","  260","16.1","30.0"
"USW00094728","NY CITY CENTRAL PARK, NY US","40.77898","-73.96925","42.7","2017-12-20","7.38",,"0.00","0.0","0.0",,"51","34","  310","  330","16.1","28.0"
"USW00094728","NY CITY CENTRAL PARK, NY US","40.77898","-73.96925","42.7","2017-12-21","4.03",,"0.00","0.0","0.0",,"39","32","  320","  290","10.1","15.0"
"USW00094728","NY CITY CENTRAL PARK, NY US","40.77898","-73.96925","42.7","2017-12-22","4.03",,"0.00","0.0","0.0",,"50","35","  150","  180","10.1","15.0"
"USW00094728","NY CITY CENTRAL PARK, NY US","40.77898","-73.96925","42.7","2017-12-23","4.92",,"0.49","0.0","0.0",,"48","38","  300","  310","13.0","19.9"
"USW00094728","NY CITY CENTRAL PARK, NY US","40.77898","-73.96925","42.7","2017-12-24","7.83",,"0.01","0.0","0.0",,"41","36","   70","  310","15.0","23.0"
"USW00094728","NY CITY CENTRAL PARK, NY US","40.77898","-73.96925","42.7","2017-12-25","10.96",,"0.23","0.0","0.0",,"38","28","  290","  280","23.9","38.9"
"USW00094728","NY CITY CENTRAL PARK, NY US","40.77898","-73.96925","42.7","2017-12-26","8.72",,"0.00","0.0","0.0",,"28","23","  280","  260","18.1","30.0"
"USW00094728","NY CITY CENTRAL PARK, NY US","40.77898","-73.96925","42.7","2017-12-27","6.26",,"0.00","0.0","0.0",,"24","17","  280","  310","14.1","21.9"
"USW00094728","NY CITY CENTRAL PARK, NY US","40.77898","-73.96925","42.7","2017-12-28","8.05",,"0.00","0.0","0.0",,"18","11","  310","  300","17.0","30.0"
"USW00094728","NY CITY CENTRAL PARK, NY US","40.77898","-73.96925","42.7","2017-12-29","6.71",,"0.00","0.0","0.0",,"22","11","  290","  280","13.0","21.0"
"USW00094728","NY CITY CENTRAL PARK, NY US","40.77898","-73.96925","42.7","2017-12-30","5.37",,"0.05","0.7","0.0",,"23","17","  290","  250","14.1","23.0"
"USW00094728","NY CITY CENTRAL PARK, NY US","40.77898","-73.96925","42.7","2017-12-31","9.17"," 1509","0.00","0.0","0.0",,"21","9","  300","  300","17.0","27.1"
